Stock Name,Company Name
AXP,American Express Co
BA,Boeing Co
CAT,Caterpillar Inc
CSC, Cisco Systems Inc
CVX,Chevron Corp
DD,Dupont E I De Nemours & Co
DIS,Walt Disney Co
GE,General Electric Co
GS,Goldman Sachs Group Inc
HD,Home Depot Inc
IBM,International Business Machines Co...
INTC,Intel Corp
JNJ,Johnson & Johnson
JPM,JPMorgan Chase and Co
KO,The Coca-Cola Co
MCD,McDonald's Corp
MMM,3M Co
MRK,Merck & Co Inc
MSFT,Microsoft Corp
NKE,Nike Inc
PFE,Pfizer Inc
PG,Procter & Gamble Co
T,AT&T Inc
TRV,Travelers Companies Inc
UNH,UnitedHealth Group Inc
UTX,United Technologies Corp
V,Visa Inc
VZ,Verizon Communications Inc
WMT,Wal-Mart Stores Inc
XOM,Exxon Mobil Corp